Department,Metric,ET,Category,year,quarter,date,value,target,narrative,Baseline
Development and fundraising,£ of new funding secured in quarter,ET/Board,Grants,2020,Q1,2020-03-31,,,,
Development and fundraising,£ of new funding secured in quarter,ET/Board,Grants,2020,Q2,2020-06-30,,,,
Development and fundraising,£ of new funding secured in quarter,ET/Board,Grants,2020,Q3,2020-09-30,,,,
Development and fundraising,£ of new funding secured in quarter,ET/Board,Grants,2020,Q4,2020-12-31,,,,
Development and fundraising,£ of new funding secured in quarter,ET/Board,Grants,2021,Q1,2021-03-31,,,,
Development and fundraising,£ of new funding secured in quarter,ET/Board,Grants,2021,Q2,2021-06-30,,,,
Development and fundraising,£ of new funding secured in quarter,ET/Board,Grants,2021,Q3,2021-09-30,,,,
Development and fundraising,£ of new funding secured in quarter,ET/Board,Grants,2021,Q4,2021-12-31,,,,
Development and fundraising,£ of renewals secured in quarter,ET/Board,Grants,2020,Q1,2020-03-31,,,,
Development and fundraising,£ of renewals secured in quarter,ET/Board,Grants,2020,Q2,2020-06-30,,,,
Development and fundraising,£ of renewals secured in quarter,ET/Board,Grants,2020,Q3,2020-09-30,,,,
Development and fundraising,£ of renewals secured in quarter,ET/Board,Grants,2020,Q4,2020-12-31,,,,
Development and fundraising,£ of renewals secured in quarter,ET/Board,Grants,2021,Q1,2021-03-31,,,,
Development and fundraising,£ of renewals secured in quarter,ET/Board,Grants,2021,Q2,2021-06-30,,,,
Development and fundraising,£ of renewals secured in quarter,ET/Board,Grants,2021,Q3,2021-09-30,,,,
Development and fundraising,£ of renewals secured in quarter,ET/Board,Grants,2021,Q4,2021-12-31,,,,
Development and fundraising,Average bid value that quarter,ET,Contracts,2020,Q1,2020-03-31,,,,
Development and fundraising,Average bid value that quarter,ET,Contracts,2020,Q2,2020-06-30,,,,
Development and fundraising,Average bid value that quarter,ET,Contracts,2020,Q3,2020-09-30,,,,
Development and fundraising,Average bid value that quarter,ET,Contracts,2020,Q4,2020-12-31,,,,
Development and fundraising,Average bid value that quarter,ET,Contracts,2021,Q1,2021-03-31,,,,
Development and fundraising,Average bid value that quarter,ET,Contracts,2021,Q2,2021-06-30,,,,
Development and fundraising,Average bid value that quarter,ET,Contracts,2021,Q3,2021-09-30,,,,
Development and fundraising,Average bid value that quarter,ET,Contracts,2021,Q4,2021-12-31,,,,
Development and fundraising,Breakdown of income by location,Board,Contracts,2020,Q1,2020-03-31,,,,
Development and fundraising,Breakdown of income by location,Board,Contracts,2020,Q2,2020-06-30,,,,
Development and fundraising,Breakdown of income by location,Board,Contracts,2020,Q3,2020-09-30,,,,
Development and fundraising,Breakdown of income by location,Board,Contracts,2020,Q4,2020-12-31,,,,
Development and fundraising,Breakdown of income by location,Board,Contracts,2021,Q1,2021-03-31,,,,
Development and fundraising,Breakdown of income by location,Board,Contracts,2021,Q2,2021-06-30,,,,
Development and fundraising,Breakdown of income by location,Board,Contracts,2021,Q3,2021-09-30,,,,
Development and fundraising,Breakdown of income by location,Board,Contracts,2021,Q4,2021-12-31,,,,
Development and fundraising,Client type- breakdown,Board,Contracts,2020,Q1,2020-03-31,,,,
Development and fundraising,Client type- breakdown,Board,Contracts,2020,Q2,2020-06-30,,,,
Development and fundraising,Client type- breakdown,Board,Contracts,2020,Q3,2020-09-30,,,,
Development and fundraising,Client type- breakdown,Board,Contracts,2020,Q4,2020-12-31,,,,
Development and fundraising,Client type- breakdown,Board,Contracts,2021,Q1,2021-03-31,,,,
Development and fundraising,Client type- breakdown,Board,Contracts,2021,Q2,2021-06-30,,,,
Development and fundraising,Client type- breakdown,Board,Contracts,2021,Q3,2021-09-30,,,,
Development and fundraising,Client type- breakdown,Board,Contracts,2021,Q4,2021-12-31,,,,
Development and fundraising,Donor type breakdown,Board,Grants,2020,Q1,2020-03-31,,,,
Development and fundraising,Donor type breakdown,Board,Grants,2020,Q2,2020-06-30,,,,
Development and fundraising,Donor type breakdown,Board,Grants,2020,Q3,2020-09-30,,,,
Development and fundraising,Donor type breakdown,Board,Grants,2020,Q4,2020-12-31,,,,
Development and fundraising,Donor type breakdown,Board,Grants,2021,Q1,2021-03-31,,,,
Development and fundraising,Donor type breakdown,Board,Grants,2021,Q2,2021-06-30,,,,
Development and fundraising,Donor type breakdown,Board,Grants,2021,Q3,2021-09-30,,,,
Development and fundraising,Donor type breakdown,Board,Grants,2021,Q4,2021-12-31,,,,
Development and fundraising,Income secured this quarter,Board,Contracts,2020,Q1,2020-03-31,,,,
Development and fundraising,Income secured this quarter,Board,Contracts,2020,Q2,2020-06-30,,,,
Development and fundraising,Income secured this quarter,Board,Contracts,2020,Q3,2020-09-30,,,,
Development and fundraising,Income secured this quarter,Board,Contracts,2020,Q4,2020-12-31,,,,
Development and fundraising,Income secured this quarter,Board,Contracts,2021,Q1,2021-03-31,,,,
Development and fundraising,Income secured this quarter,Board,Contracts,2021,Q2,2021-06-30,,,,
Development and fundraising,Income secured this quarter,Board,Contracts,2021,Q3,2021-09-30,,,,
Development and fundraising,Income secured this quarter,Board,Contracts,2021,Q4,2021-12-31,,,,
Development and fundraising,Quarterly business development costs (bid development and OHs),ET,Contracts,2020,Q1,2020-03-31,,,,
Development and fundraising,Quarterly business development costs (bid development and OHs),ET,Contracts,2020,Q2,2020-06-30,,,,
Development and fundraising,Quarterly business development costs (bid development and OHs),ET,Contracts,2020,Q3,2020-09-30,,,,
Development and fundraising,Quarterly business development costs (bid development and OHs),ET,Contracts,2020,Q4,2020-12-31,,,,
Development and fundraising,Quarterly business development costs (bid development and OHs),ET,Contracts,2021,Q1,2021-03-31,,,,
Development and fundraising,Quarterly business development costs (bid development and OHs),ET,Contracts,2021,Q2,2021-06-30,,,,
Development and fundraising,Quarterly business development costs (bid development and OHs),ET,Contracts,2021,Q3,2021-09-30,,,,
Development and fundraising,Quarterly business development costs (bid development and OHs),ET,Contracts,2021,Q4,2021-12-31,,,,
Development and fundraising,Quarterly fundraising costs,ET,Grants,2020,Q1,2020-03-31,,,,
Development and fundraising,Quarterly fundraising costs,ET,Grants,2020,Q2,2020-06-30,,,,
Development and fundraising,Quarterly fundraising costs,ET,Grants,2020,Q3,2020-09-30,,,,
Development and fundraising,Quarterly fundraising costs,ET,Grants,2020,Q4,2020-12-31,,,,
Development and fundraising,Quarterly fundraising costs,ET,Grants,2021,Q1,2021-03-31,,,,
Development and fundraising,Quarterly fundraising costs,ET,Grants,2021,Q2,2021-06-30,,,,
Development and fundraising,Quarterly fundraising costs,ET,Grants,2021,Q3,2021-09-30,,,,
Development and fundraising,Quarterly fundraising costs,ET,Grants,2021,Q4,2021-12-31,,,,
Development and fundraising,ROI (12 month review),Board,Grants,2020,Q1,2020-03-31,,,,
Development and fundraising,ROI (12 month review),Board,Grants,2020,Q2,2020-06-30,,,,
Development and fundraising,ROI (12 month review),Board,Grants,2020,Q3,2020-09-30,,,,
Development and fundraising,ROI (12 month review),Board,Grants,2020,Q4,2020-12-31,,,,
Development and fundraising,ROI (12 month review),Board,Grants,2021,Q1,2021-03-31,,,,
Development and fundraising,ROI (12 month review),Board,Grants,2021,Q2,2021-06-30,,,,
Development and fundraising,ROI (12 month review),Board,Grants,2021,Q3,2021-09-30,,,,
Development and fundraising,ROI (12 month review),Board,Grants,2021,Q4,2021-12-31,,,,
Development and fundraising,ROI (6 month review),Board,Contracts,2020,Q1,2020-03-31,,,,
Development and fundraising,ROI (6 month review),Board,Contracts,2020,Q2,2020-06-30,,,,
Development and fundraising,ROI (6 month review),Board,Contracts,2020,Q3,2020-09-30,,,,
Development and fundraising,ROI (6 month review),Board,Contracts,2020,Q4,2020-12-31,,,,
Development and fundraising,ROI (6 month review),Board,Contracts,2021,Q1,2021-03-31,,,,
Development and fundraising,ROI (6 month review),Board,Contracts,2021,Q2,2021-06-30,,,,
Development and fundraising,ROI (6 month review),Board,Contracts,2021,Q3,2021-09-30,,,,
Development and fundraising,ROI (6 month review),Board,Contracts,2021,Q4,2021-12-31,,,,
Development and fundraising,Total number of ops dropped due to capacity constraints,ET,Contracts,2020,Q1,2020-03-31,,,,
Development and fundraising,Total number of ops dropped due to capacity constraints,ET,Contracts,2020,Q2,2020-06-30,,,,
Development and fundraising,Total number of ops dropped due to capacity constraints,ET,Contracts,2020,Q3,2020-09-30,,,,
Development and fundraising,Total number of ops dropped due to capacity constraints,ET,Contracts,2020,Q4,2020-12-31,,,,
Development and fundraising,Total number of ops dropped due to capacity constraints,ET,Contracts,2021,Q1,2021-03-31,,,,
Development and fundraising,Total number of ops dropped due to capacity constraints,ET,Contracts,2021,Q2,2021-06-30,,,,
Development and fundraising,Total number of ops dropped due to capacity constraints,ET,Contracts,2021,Q3,2021-09-30,,,,
Development and fundraising,Total number of ops dropped due to capacity constraints,ET,Contracts,2021,Q4,2021-12-31,,,,
Development and fundraising,Total value of bids lost in quarter,ET,Contracts,2020,Q1,2020-03-31,,,,
Development and fundraising,Total value of bids lost in quarter,ET,Contracts,2020,Q2,2020-06-30,,,,
Development and fundraising,Total value of bids lost in quarter,ET,Contracts,2020,Q3,2020-09-30,,,,
Development and fundraising,Total value of bids lost in quarter,ET,Contracts,2020,Q4,2020-12-31,,,,
Development and fundraising,Total value of bids lost in quarter,ET,Contracts,2021,Q1,2021-03-31,,,,
Development and fundraising,Total value of bids lost in quarter,ET,Contracts,2021,Q2,2021-06-30,,,,
Development and fundraising,Total value of bids lost in quarter,ET,Contracts,2021,Q3,2021-09-30,,,,
Development and fundraising,Total value of bids lost in quarter,ET,Contracts,2021,Q4,2021-12-31,,,,
Development and fundraising,Total value of bids submitted in quarter,ET,Contracts,2020,Q1,2020-03-31,,,,
Development and fundraising,Total value of bids submitted in quarter,ET,Contracts,2020,Q2,2020-06-30,,,,
Development and fundraising,Total value of bids submitted in quarter,ET,Contracts,2020,Q3,2020-09-30,,,,
Development and fundraising,Total value of bids submitted in quarter,ET,Contracts,2020,Q4,2020-12-31,,,,
Development and fundraising,Total value of bids submitted in quarter,ET,Contracts,2021,Q1,2021-03-31,,,,
Development and fundraising,Total value of bids submitted in quarter,ET,Contracts,2021,Q2,2021-06-30,,,,
Development and fundraising,Total value of bids submitted in quarter,ET,Contracts,2021,Q3,2021-09-30,,,,
Development and fundraising,Total value of bids submitted in quarter,ET,Contracts,2021,Q4,2021-12-31,,,,
Development and fundraising,Total value of overall pipeline at end of quarter,ET,Contracts,2020,Q1,2020-03-31,,,,
Development and fundraising,Total value of overall pipeline at end of quarter,ET,Contracts,2020,Q2,2020-06-30,,,,
Development and fundraising,Total value of overall pipeline at end of quarter,ET,Contracts,2020,Q3,2020-09-30,,,,
Development and fundraising,Total value of overall pipeline at end of quarter,ET,Contracts,2020,Q4,2020-12-31,,,,
Development and fundraising,Total value of overall pipeline at end of quarter,ET,Contracts,2021,Q1,2021-03-31,,,,
Development and fundraising,Total value of overall pipeline at end of quarter,ET,Contracts,2021,Q2,2021-06-30,,,,
Development and fundraising,Total value of overall pipeline at end of quarter,ET,Contracts,2021,Q3,2021-09-30,,,,
Development and fundraising,Total value of overall pipeline at end of quarter,ET,Contracts,2021,Q4,2021-12-31,,,,
Development and fundraising,Total value of proposals submitted in quarter,ET,Grant,2020,Q1,2020-03-31,,,,
Development and fundraising,Total value of proposals submitted in quarter,ET,Grant,2020,Q2,2020-06-30,,,,
Development and fundraising,Total value of proposals submitted in quarter,ET,Grant,2020,Q3,2020-09-30,,,,
Development and fundraising,Total value of proposals submitted in quarter,ET,Grant,2020,Q4,2020-12-31,,,,
Development and fundraising,Total value of proposals submitted in quarter,ET,Grant,2021,Q1,2021-03-31,,,,
Development and fundraising,Total value of proposals submitted in quarter,ET,Grant,2021,Q2,2021-06-30,,,,
Development and fundraising,Total value of proposals submitted in quarter,ET,Grant,2021,Q3,2021-09-30,,,,
Development and fundraising,Total value of proposals submitted in quarter,ET,Grant,2021,Q4,2021-12-31,,,,
Development and fundraising,Weighted value 50/80% probable pipeline at end of quarter,Board,Contracts,2020,Q1,2020-03-31,,,,
Development and fundraising,Weighted value 50/80% probable pipeline at end of quarter,Board,Contracts,2020,Q2,2020-06-30,,,,
Development and fundraising,Weighted value 50/80% probable pipeline at end of quarter,Board,Contracts,2020,Q3,2020-09-30,,,,
Development and fundraising,Weighted value 50/80% probable pipeline at end of quarter,Board,Contracts,2020,Q4,2020-12-31,,,,
Development and fundraising,Weighted value 50/80% probable pipeline at end of quarter,Board,Contracts,2021,Q1,2021-03-31,,,,
Development and fundraising,Weighted value 50/80% probable pipeline at end of quarter,Board,Contracts,2021,Q2,2021-06-30,,,,
Development and fundraising,Weighted value 50/80% probable pipeline at end of quarter,Board,Contracts,2021,Q3,2021-09-30,,,,
Development and fundraising,Weighted value 50/80% probable pipeline at end of quarter,Board,Contracts,2021,Q4,2021-12-31,,,,
Development and fundraising,Weighted value of 50% & 80% probable pipeline at end of quarter,Board,Grants,2020,Q1,2020-03-31,,,,
Development and fundraising,Weighted value of 50% & 80% probable pipeline at end of quarter,Board,Grants,2020,Q2,2020-06-30,,,,
Development and fundraising,Weighted value of 50% & 80% probable pipeline at end of quarter,Board,Grants,2020,Q3,2020-09-30,,,,
Development and fundraising,Weighted value of 50% & 80% probable pipeline at end of quarter,Board,Grants,2020,Q4,2020-12-31,,,,
Development and fundraising,Weighted value of 50% & 80% probable pipeline at end of quarter,Board,Grants,2021,Q1,2021-03-31,,,,
Development and fundraising,Weighted value of 50% & 80% probable pipeline at end of quarter,Board,Grants,2021,Q2,2021-06-30,,,,
Development and fundraising,Weighted value of 50% & 80% probable pipeline at end of quarter,Board,Grants,2021,Q3,2021-09-30,,,,
Development and fundraising,Weighted value of 50% & 80% probable pipeline at end of quarter,Board,Grants,2021,Q4,2021-12-31,,,,
Finance,All staff,,,2020,Q1,2020-03-31,72,80,,
Finance,All staff,,,2020,Q2,2020-06-30,71,80,,
Finance,All staff,,,2020,Q3,2020-09-30,66,80,,
Finance,All staff,,,2020,Q4,2020-12-31,69,80,,
Finance,All staff,,,2021,Q1,2021-03-31,,,,
Finance,All staff,,,2021,Q2,2021-06-30,,,,
Finance,All staff,,,2021,Q3,2021-09-30,,,,
Finance,All staff,,,2021,Q4,2021-12-31,,,,
Finance,Average consultant % for year to date (excl GNR),,,2020,Q1,2020-03-31,8,8,,
Finance,Average consultant % for year to date (excl GNR),,,2020,Q2,2020-06-30,9,8,,
Finance,Average consultant % for year to date (excl GNR),,,2020,Q3,2020-09-30,10,8,,
Finance,Average consultant % for year to date (excl GNR),,,2020,Q4,2020-12-31,10,8,,
Finance,Average consultant % for year to date (excl GNR),,,2021,Q1,2021-03-31,,,,
Finance,Average consultant % for year to date (excl GNR),,,2021,Q2,2021-06-30,,,,
Finance,Average consultant % for year to date (excl GNR),,,2021,Q3,2021-09-30,,,,
Finance,Average consultant % for year to date (excl GNR),,,2021,Q4,2021-12-31,,,,
Finance,Average salary % for year to date,,,2020,Q1,2020-03-31,58,65,,
Finance,Average salary % for year to date,,,2020,Q2,2020-06-30,54,65,,
Finance,Average salary % for year to date,,,2020,Q3,2020-09-30,56,65,,
Finance,Average salary % for year to date,,,2020,Q4,2020-12-31,59,65,,
Finance,Average salary % for year to date,,,2021,Q1,2021-03-31,,,,
Finance,Average salary % for year to date,,,2021,Q2,2021-06-30,,,,
Finance,Average salary % for year to date,,,2021,Q3,2021-09-30,,,,
Finance,Average salary % for year to date,,,2021,Q4,2021-12-31,,,,
Finance,Consultants as proportion of income,,,2020,Q1,2020-03-31,10,8,,
Finance,Consultants as proportion of income,,,2020,Q2,2020-06-30,14,8,,
Finance,Consultants as proportion of income,,,2020,Q3,2020-09-30,14,8,,
Finance,Consultants as proportion of income,,,2020,Q4,2020-12-31,16,8,,
Finance,Consultants as proportion of income,,,2021,Q1,2021-03-31,,,,
Finance,Consultants as proportion of income,,,2021,Q2,2021-06-30,,,,
Finance,Consultants as proportion of income,,,2021,Q3,2021-09-30,,,,
Finance,Consultants as proportion of income,,,2021,Q4,2021-12-31,,,,
Finance,Direct overheads,,,2020,Q1,2020-03-31,13,15,,
Finance,Direct overheads,,,2020,Q2,2020-06-30,12,15,,
Finance,Direct overheads,,,2020,Q3,2020-09-30,16,15,,
Finance,Direct overheads,,,2020,Q4,2020-12-31,16,15,,
Finance,Direct overheads,,,2021,Q1,2021-03-31,,,,
Finance,Direct overheads,,,2021,Q2,2021-06-30,,,,
Finance,Direct overheads,,,2021,Q3,2021-09-30,,,,
Finance,Direct overheads,,,2021,Q4,2021-12-31,,,,
Finance,Expenditure,,,2020,Q1,2020-03-31,,,,
Finance,Expenditure,,,2020,Q2,2020-06-30,,,,
Finance,Expenditure,,,2020,Q3,2020-09-30,,,,
Finance,Expenditure,,,2020,Q4,2020-12-31,,,,
Finance,Expenditure,,,2021,Q1,2021-03-31,,,,
Finance,Expenditure,,,2021,Q2,2021-06-30,,,,
Finance,Expenditure,,,2021,Q3,2021-09-30,,,,
Finance,Expenditure,,,2021,Q4,2021-12-31,,,,
Finance,Income (and progress against it),,,2020,Q1,2020-03-31,,,,
Finance,Income (and progress against it),,,2020,Q2,2020-06-30,,,,
Finance,Income (and progress against it),,,2020,Q3,2020-09-30,,,,
Finance,Income (and progress against it),,,2020,Q4,2020-12-31,,,,
Finance,Income (and progress against it),,,2021,Q1,2021-03-31,,,,
Finance,Income (and progress against it),,,2021,Q2,2021-06-30,,,,
Finance,Income (and progress against it),,,2021,Q3,2021-09-30,,,,
Finance,Income (and progress against it),,,2021,Q4,2021-12-31,,,,
Finance,Indirect overheads,,,2020,Q1,2020-03-31,16,15,,
Finance,Indirect overheads,,,2020,Q2,2020-06-30,18,15,,
Finance,Indirect overheads,,,2020,Q3,2020-09-30,18,15,,
Finance,Indirect overheads,,,2020,Q4,2020-12-31,16,15,,
Finance,Indirect overheads,,,2021,Q1,2021-03-31,,,,
Finance,Indirect overheads,,,2021,Q2,2021-06-30,,,,
Finance,Indirect overheads,,,2021,Q3,2021-09-30,,,,
Finance,Indirect overheads,,,2021,Q4,2021-12-31,,,,
Finance,Non-Overhead staff,,,2020,Q1,2020-03-31,82,80,,
Finance,Non-Overhead staff,,,2020,Q2,2020-06-30,81,80,,
Finance,Non-Overhead staff,,,2020,Q3,2020-09-30,79,80,,
Finance,Non-Overhead staff,,,2020,Q4,2020-12-31,83,80,,
Finance,Non-Overhead staff,,,2021,Q1,2021-03-31,,,,
Finance,Non-Overhead staff,,,2021,Q2,2021-06-30,,,,
Finance,Non-Overhead staff,,,2021,Q3,2021-09-30,,,,
Finance,Non-Overhead staff,,,2021,Q4,2021-12-31,,,,
Finance,Personnel Costs as a proportion of income,,,2020,Q1,2020-03-31,,,,
Finance,Personnel Costs as a proportion of income,,,2020,Q2,2020-06-30,,,,
Finance,Personnel Costs as a proportion of income,,,2020,Q3,2020-09-30,,,,
Finance,Personnel Costs as a proportion of income,,,2020,Q4,2020-12-31,,,,
Finance,Personnel Costs as a proportion of income,,,2021,Q1,2021-03-31,,,,
Finance,Personnel Costs as a proportion of income,,,2021,Q2,2021-06-30,,,,
Finance,Personnel Costs as a proportion of income,,,2021,Q3,2021-09-30,,,,
Finance,Personnel Costs as a proportion of income,,,2021,Q4,2021-12-31,,,,
Finance,Proportion of staff time spent on projects,,,2020,Q1,2020-03-31,,,,
Finance,Proportion of staff time spent on projects,,,2020,Q2,2020-06-30,,,,
Finance,Proportion of staff time spent on projects,,,2020,Q3,2020-09-30,,,,
Finance,Proportion of staff time spent on projects,,,2020,Q4,2020-12-31,,,,
Finance,Proportion of staff time spent on projects,,,2021,Q1,2021-03-31,,,,
Finance,Proportion of staff time spent on projects,,,2021,Q2,2021-06-30,,,,
Finance,Proportion of staff time spent on projects,,,2021,Q3,2021-09-30,,,,
Finance,Proportion of staff time spent on projects,,,2021,Q4,2021-12-31,,,,
Finance,Proportion of value of staff time spent on direct and indirect overhead,,,2020,Q1,2020-03-31,,,,
Finance,Proportion of value of staff time spent on direct and indirect overhead,,,2020,Q2,2020-06-30,,,,
Finance,Proportion of value of staff time spent on direct and indirect overhead,,,2020,Q3,2020-09-30,,,,
Finance,Proportion of value of staff time spent on direct and indirect overhead,,,2020,Q4,2020-12-31,,,,
Finance,Proportion of value of staff time spent on direct and indirect overhead,,,2021,Q1,2021-03-31,,,,
Finance,Proportion of value of staff time spent on direct and indirect overhead,,,2021,Q2,2021-06-30,,,,
Finance,Proportion of value of staff time spent on direct and indirect overhead,,,2021,Q3,2021-09-30,,,,
Finance,Proportion of value of staff time spent on direct and indirect overhead,,,2021,Q4,2021-12-31,,,,
Finance,Salary as proportion of income,,,2020,Q1,2020-03-31,58,65,,
Finance,Salary as proportion of income,,,2020,Q2,2020-06-30,50,65,,
Finance,Salary as proportion of income,,,2020,Q3,2020-09-30,61,65,,
Finance,Salary as proportion of income,,,2020,Q4,2020-12-31,72,65,,
Finance,Salary as proportion of income,,,2021,Q1,2021-03-31,,,,
Finance,Salary as proportion of income,,,2021,Q2,2021-06-30,,,,
Finance,Salary as proportion of income,,,2021,Q3,2021-09-30,,,,
Finance,Salary as proportion of income,,,2021,Q4,2021-12-31,,,,
Development and fundraising,Internal Systems: S-Drive / Logon server / Network infrastructure Uptime (%),ET,,2020,Q1,2020-03-31,90,,,
Development and fundraising,External resources: MS Office / Access & FP / Telecoms / Hosted systems uptime (%),ET,,2020,Q1,2020-03-31,,,,
Development and fundraising,Service Provision - defined SLAs for internal resources,ET,,2020,Q1,2020-03-31,,,,
Development and fundraising,Roadmap in place for global Infrastructure with capacity for growth,Board,,2020,Q1,2020-03-31,,,,
Development and fundraising,Fully hosted systems with reduced internal reliance,Board,,2020,Q1,2020-03-31,,,,
Development and fundraising,Standardised global support,Board,,2020,Q1,2020-03-31,,,,
Development and fundraising,Policy led directive for data accessibility,ET,,2020,Q1,2020-03-31,,,,
Development and fundraising,DDW uptime,ET,,2020,Q1,2020-03-31,,,,
Development and fundraising,Website uptime,ET,,2020,Q1,2020-03-31,,,,
Development and fundraising,Internal Systems: S-Drive / Logon server / Network infrastructure Uptime (%),ET,,2020,Q2,2020-06-30,95,,,
Development and fundraising,External resources: MS Office / Access & FP / Telecoms / Hosted systems uptime (%),ET,,2020,Q2,2020-06-30,,,,
Development and fundraising,Service Provision - defined SLAs for internal resources,ET,,2020,Q2,2020-06-30,,,,
Development and fundraising,Roadmap in place for global Infrastructure with capacity for growth,Board,,2020,Q2,2020-06-30,,,,
Development and fundraising,Fully hosted systems with reduced internal reliance,Board,,2020,Q2,2020-06-30,,,,
Development and fundraising,Standardised global support,Board,,2020,Q2,2020-06-30,,,,
Development and fundraising,Policy led directive for data accessibility,ET,,2020,Q2,2020-06-30,,,,
Development and fundraising,DDW uptime,ET,,2020,Q2,2020-06-30,,,,
Development and fundraising,Website uptime,ET,,2020,Q2,2020-06-30,,,,
Development and fundraising,Internal Systems: S-Drive / Logon server / Network infrastructure Uptime (%),ET,,2020,Q3,2020-09-30,95,,,
Development and fundraising,External resources: MS Office / Access & FP / Telecoms / Hosted systems uptime (%),ET,,2020,Q3,2020-09-30,,,,
Development and fundraising,Service Provision - defined SLAs for internal resources,ET,,2020,Q3,2020-09-30,,,,
Development and fundraising,Roadmap in place for global Infrastructure with capacity for growth,Board,,2020,Q3,2020-09-30,,,,
Development and fundraising,Fully hosted systems with reduced internal reliance,Board,,2020,Q3,2020-09-30,,,,
Development and fundraising,Standardised global support,Board,,2020,Q3,2020-09-30,,,,
Development and fundraising,Policy led directive for data accessibility,ET,,2020,Q3,2020-09-30,,,,
Development and fundraising,DDW uptime,ET,,2020,Q3,2020-09-30,,,,
Development and fundraising,Website uptime,ET,,2020,Q3,2020-09-30,,,,
Development and fundraising,Internal Systems: S-Drive / Logon server / Network infrastructure Uptime (%),ET,,2020,Q4,2020-12-31,95,,,
Development and fundraising,External resources: MS Office / Access & FP / Telecoms / Hosted systems uptime (%),ET,,2020,Q4,2020-12-31,,,,
Development and fundraising,Service Provision - defined SLAs for internal resources,ET,,2020,Q4,2020-12-31,,,,
Development and fundraising,Roadmap in place for global Infrastructure with capacity for growth,Board,,2020,Q4,2020-12-31,,,,
Development and fundraising,Fully hosted systems with reduced internal reliance,Board,,2020,Q4,2020-12-31,,,,
Development and fundraising,Standardised global support,Board,,2020,Q4,2020-12-31,,,,
Development and fundraising,Policy led directive for data accessibility,ET,,2020,Q4,2020-12-31,,,,
Development and fundraising,DDW uptime,ET,,2020,Q4,2020-12-31,,,,
Development and fundraising,Website uptime,ET,,2020,Q4,2020-12-31,,,,
Development and fundraising,Internal Systems: S-Drive / Logon server / Network infrastructure Uptime (%),ET,,2021,Q1,2021-03-31,95,,,
Development and fundraising,External resources: MS Office / Access & FP / Telecoms / Hosted systems uptime (%),ET,,2021,Q1,2021-03-31,99,,,
Development and fundraising,Service Provision - defined SLAs for internal resources,ET,,2021,Q1,2021-03-31,,,,
Development and fundraising,Roadmap in place for global Infrastructure with capacity for growth,Board,,2021,Q1,2021-03-31,,,,
Development and fundraising,Fully hosted systems with reduced internal reliance,Board,,2021,Q1,2021-03-31,,,,
Development and fundraising,Standardised global support,Board,,2021,Q1,2021-03-31,,,,
Development and fundraising,Policy led directive for data accessibility,ET,,2021,Q1,2021-03-31,,,,
Development and fundraising,DDW uptime,ET,,2021,Q1,2021-03-31,,,,
Development and fundraising,Website uptime,ET,,2021,Q1,2021-03-31,,,,
Development and fundraising,Internal Systems: S-Drive / Logon server / Network infrastructure Uptime (%),ET,,2021,Q2,2021-06-30,99,,,
Development and fundraising,External resources: MS Office / Access & FP / Telecoms / Hosted systems uptime (%),ET,,2021,Q2,2021-06-30,99,,,
Development and fundraising,Service Provision - defined SLAs for internal resources,ET,,2021,Q2,2021-06-30,,,,
Development and fundraising,Roadmap in place for global Infrastructure with capacity for growth,Board,,2021,Q2,2021-06-30,,,,
Development and fundraising,Fully hosted systems with reduced internal reliance,Board,,2021,Q2,2021-06-30,,,,
Development and fundraising,Standardised global support,Board,,2021,Q2,2021-06-30,,,,
Development and fundraising,Policy led directive for data accessibility,ET,,2021,Q2,2021-06-30,,,,
Development and fundraising,DDW uptime,ET,,2021,Q2,2021-06-30,,,,
Development and fundraising,Website uptime,ET,,2021,Q2,2021-06-30,,,,
Development and fundraising,Internal Systems: S-Drive / Logon server / Network infrastructure Uptime (%),ET,,2021,Q3,2021-09-30,99,,,
Development and fundraising,External resources: MS Office / Access & FP / Telecoms / Hosted systems uptime (%),ET,,2021,Q3,2021-09-30,99,,,
Development and fundraising,Service Provision - defined SLAs for internal resources,ET,,2021,Q3,2021-09-30,,,,
Development and fundraising,Roadmap in place for global Infrastructure with capacity for growth,Board,,2021,Q3,2021-09-30,,,,
Development and fundraising,Fully hosted systems with reduced internal reliance,Board,,2021,Q3,2021-09-30,,,,
Development and fundraising,Standardised global support,Board,,2021,Q3,2021-09-30,,,,
Development and fundraising,Policy led directive for data accessibility,ET,,2021,Q3,2021-09-30,,,,
Development and fundraising,DDW uptime,ET,,2021,Q3,2021-09-30,,,,
Development and fundraising,Website uptime,ET,,2021,Q3,2021-09-30,,,,
Development and fundraising,Internal Systems: S-Drive / Logon server / Network infrastructure Uptime (%),ET,,2021,Q4,2021-12-31,99,,,
Development and fundraising,External resources: MS Office / Access & FP / Telecoms / Hosted systems uptime (%),ET,,2021,Q4,2021-12-31,99,,,
Development and fundraising,Service Provision - defined SLAs for internal resources,ET,,2021,Q4,2021-12-31,,,,
Development and fundraising,Roadmap in place for global Infrastructure with capacity for growth,Board,,2021,Q4,2021-12-31,,,,
Development and fundraising,Fully hosted systems with reduced internal reliance,Board,,2021,Q4,2021-12-31,,,,
Development and fundraising,Standardised global support,Board,,2021,Q4,2021-12-31,,,,
Development and fundraising,Policy led directive for data accessibility,ET,,2021,Q4,2021-12-31,,,,
Development and fundraising,DDW uptime,ET,,2021,Q4,2021-12-31,,,,
Development and fundraising,Website uptime,ET,,2021,Q4,2021-12-31,,,,
HR,Average 'Time to Fill' vacancy (Days),ET,,2020,Q1,2020-03-31,,,,
HR,Average 'Time to Fill' vacancy (Days),ET,,2020,Q2,2020-06-30,,,,
HR,Average 'Time to Fill' vacancy (Days),ET,,2020,Q3,2020-09-30,,,,
HR,Average 'Time to Fill' vacancy (Days),ET,,2020,Q4,2020-12-31,,,,
HR,Average 'Time to Fill' vacancy (Days),ET,,2021,Q1,2021-03-31,,,,
HR,Average 'Time to Fill' vacancy (Days),ET,,2021,Q2,2021-06-30,,,,
HR,Average 'Time to Fill' vacancy (Days),ET,,2021,Q3,2021-09-30,,,,
HR,Average 'Time to Fill' vacancy (Days),ET,,2021,Q4,2021-12-31,,,,
HR,Gender Diversity Ratio (Male:Female),Board,,2020,Q1,2020-03-31,,,,
HR,Gender Diversity Ratio (Male:Female),Board,,2020,Q2,2020-06-30,,,,
HR,Gender Diversity Ratio (Male:Female),Board,,2020,Q3,2020-09-30,,,,
HR,Gender Diversity Ratio (Male:Female),Board,,2020,Q4,2020-12-31,,,,
HR,Gender Diversity Ratio (Male:Female),Board,,2021,Q1,2021-03-31,,,,
HR,Gender Diversity Ratio (Male:Female),Board,,2021,Q2,2021-06-30,,,,
HR,Gender Diversity Ratio (Male:Female),Board,,2021,Q3,2021-09-30,,,,
HR,Gender Diversity Ratio (Male:Female),Board,,2021,Q4,2021-12-31,,,,
HR,Gender Pay Gap (Mean),Board,,2020,Q1,2020-03-31,,,,
HR,Gender Pay Gap (Mean),Board,,2020,Q2,2020-06-30,,,,
HR,Gender Pay Gap (Mean),Board,,2020,Q3,2020-09-30,,,,
HR,Gender Pay Gap (Mean),Board,,2020,Q4,2020-12-31,-5.53,,,
HR,Gender Pay Gap (Mean),Board,,2021,Q1,2021-03-31,-5.99,,,
HR,Gender Pay Gap (Mean),Board,,2021,Q2,2021-06-30,,,,
HR,Gender Pay Gap (Mean),Board,,2021,Q3,2021-09-30,,,,
HR,Gender Pay Gap (Mean),Board,,2021,Q4,2021-12-31,,,,
HR,Gender Pay Gap (Median),Board,,2020,Q1,2020-03-31,,,,
HR,Gender Pay Gap (Median),Board,,2020,Q2,2020-06-30,,,,
HR,Gender Pay Gap (Median),Board,,2020,Q3,2020-09-30,,,,
HR,Gender Pay Gap (Median),Board,,2020,Q4,2020-12-31,-12.28,,,
HR,Gender Pay Gap (Median),Board,,2021,Q1,2021-03-31,-9.17,,,
HR,Gender Pay Gap (Median),Board,,2021,Q2,2021-06-30,,,,
HR,Gender Pay Gap (Median),Board,,2021,Q3,2021-09-30,,,,
HR,Gender Pay Gap (Median),Board,,2021,Q4,2021-12-31,,,,
HR,Gender Pay Gap @ Band 1,ET,,2020,Q1,2020-03-31,,,,
HR,Gender Pay Gap @ Band 1,ET,,2020,Q2,2020-06-30,,,,
HR,Gender Pay Gap @ Band 1,ET,,2020,Q3,2020-09-30,,,,
HR,Gender Pay Gap @ Band 1,ET,,2020,Q4,2020-12-31,,,,
HR,Gender Pay Gap @ Band 1,ET,,2021,Q1,2021-03-31,,,,
HR,Gender Pay Gap @ Band 1,ET,,2021,Q2,2021-06-30,,,,
HR,Gender Pay Gap @ Band 1,ET,,2021,Q3,2021-09-30,,,,
HR,Gender Pay Gap @ Band 1,ET,,2021,Q4,2021-12-31,,,,
HR,Gender Pay Gap @ Band 2,ET,,2020,Q1,2020-03-31,,,,
HR,Gender Pay Gap @ Band 2,ET,,2020,Q2,2020-06-30,,,,
HR,Gender Pay Gap @ Band 2,ET,,2020,Q3,2020-09-30,,,,
HR,Gender Pay Gap @ Band 2,ET,,2020,Q4,2020-12-31,,,,
HR,Gender Pay Gap @ Band 2,ET,,2021,Q1,2021-03-31,,,,
HR,Gender Pay Gap @ Band 2,ET,,2021,Q2,2021-06-30,,,,
HR,Gender Pay Gap @ Band 2,ET,,2021,Q3,2021-09-30,,,,
HR,Gender Pay Gap @ Band 2,ET,,2021,Q4,2021-12-31,,,,
HR,Gender Pay Gap @ Band 3,ET,,2020,Q1,2020-03-31,,,,
HR,Gender Pay Gap @ Band 3,ET,,2020,Q2,2020-06-30,,,,
HR,Gender Pay Gap @ Band 3,ET,,2020,Q3,2020-09-30,,,,
HR,Gender Pay Gap @ Band 3,ET,,2020,Q4,2020-12-31,,,,
HR,Gender Pay Gap @ Band 3,ET,,2021,Q1,2021-03-31,,,,
HR,Gender Pay Gap @ Band 3,ET,,2021,Q2,2021-06-30,,,,
HR,Gender Pay Gap @ Band 3,ET,,2021,Q3,2021-09-30,,,,
HR,Gender Pay Gap @ Band 3,ET,,2021,Q4,2021-12-31,,,,
HR,Gender Pay Gap @ Band 4,ET,,2020,Q1,2020-03-31,,,,
HR,Gender Pay Gap @ Band 4,ET,,2020,Q2,2020-06-30,,,,
HR,Gender Pay Gap @ Band 4,ET,,2020,Q3,2020-09-30,,,,
HR,Gender Pay Gap @ Band 4,ET,,2020,Q4,2020-12-31,,,,
HR,Gender Pay Gap @ Band 4,ET,,2021,Q1,2021-03-31,,,,
HR,Gender Pay Gap @ Band 4,ET,,2021,Q2,2021-06-30,,,,
HR,Gender Pay Gap @ Band 4,ET,,2021,Q3,2021-09-30,,,,
HR,Gender Pay Gap @ Band 4,ET,,2021,Q4,2021-12-31,,,,
HR,Gender Pay Gap @ Band 5,ET,,2020,Q1,2020-03-31,,,,
HR,Gender Pay Gap @ Band 5,ET,,2020,Q2,2020-06-30,,,,
HR,Gender Pay Gap @ Band 5,ET,,2020,Q3,2020-09-30,,,,
HR,Gender Pay Gap @ Band 5,ET,,2020,Q4,2020-12-31,,,,
HR,Gender Pay Gap @ Band 5,ET,,2021,Q1,2021-03-31,,,,
HR,Gender Pay Gap @ Band 5,ET,,2021,Q2,2021-06-30,,,,
HR,Gender Pay Gap @ Band 5,ET,,2021,Q3,2021-09-30,,,,
HR,Gender Pay Gap @ Band 5,ET,,2021,Q4,2021-12-31,,,,
HR,No. Vacancies,ET,,2020,Q1,2020-03-31,,,,
HR,No. Vacancies,ET,,2020,Q2,2020-06-30,,,,
HR,No. Vacancies,ET,,2020,Q3,2020-09-30,,,,
HR,No. Vacancies,ET,,2020,Q4,2020-12-31,,,,
HR,No. Vacancies,ET,,2021,Q1,2021-03-31,,,,
HR,No. Vacancies,ET,,2021,Q2,2021-06-30,,,,
HR,No. Vacancies,ET,,2021,Q3,2021-09-30,,,,
HR,No. Vacancies,ET,,2021,Q4,2021-12-31,,,,
HR,Stability Index,Board,,2020,Q1,2020-03-31,73.97,70,,
HR,Stability Index,Board,,2020,Q2,2020-06-30,81.25,70,,
HR,Stability Index,Board,,2020,Q3,2020-09-30,75,70,,
HR,Stability Index,Board,,2020,Q4,2020-12-31,76.5,70,,
HR,Stability Index,Board,,2021,Q1,2021-03-31,,70,,
HR,Stability Index,Board,,2021,Q2,2021-06-30,,70,,
HR,Stability Index,Board,,2021,Q3,2021-09-30,,70,,
HR,Stability Index,Board,,2021,Q4,2021-12-31,,70,,
HR,Staffing budget,Board,,2020,Q1,2020-03-31,,3440,,
HR,Staffing budget,Board,,2020,Q2,2020-06-30,,3440,,
HR,Staffing budget,Board,,2020,Q3,2020-09-30,,3440,,
HR,Staffing budget,Board,,2020,Q4,2020-12-31,,3440,,
HR,Staffing budget,Board,,2021,Q1,2021-03-31,,3818,,
HR,Staffing budget,Board,,2021,Q2,2021-06-30,,3818,,
HR,Staffing budget,Board,,2021,Q3,2021-09-30,,3818,,
HR,Staffing budget,Board,,2021,Q4,2021-12-31,,3818,,
HR,Staffing budget as a %age of org budget (65% ceiling),Board,,2020,Q1,2020-03-31,,,,
HR,Staffing budget as a %age of org budget (65% ceiling),Board,,2020,Q2,2020-06-30,,,,
HR,Staffing budget as a %age of org budget (65% ceiling),Board,,2020,Q3,2020-09-30,,,,
HR,Staffing budget as a %age of org budget (65% ceiling),Board,,2020,Q4,2020-12-31,,,,
HR,Staffing budget as a %age of org budget (65% ceiling),Board,,2021,Q1,2021-03-31,,,,
HR,Staffing budget as a %age of org budget (65% ceiling),Board,,2021,Q2,2021-06-30,,,,
HR,Staffing budget as a %age of org budget (65% ceiling),Board,,2021,Q3,2021-09-30,,,,
HR,Staffing budget as a %age of org budget (65% ceiling),Board,,2021,Q4,2021-12-31,,,,
HR,Total leavers in the period,Board,,2020,Q1,2020-03-31,3,,,
HR,Total leavers in the period,Board,,2020,Q2,2020-06-30,4,,,
HR,Total leavers in the period,Board,,2020,Q3,2020-09-30,10,,,
HR,Total leavers in the period,Board,,2020,Q4,2020-12-31,3,,,
HR,Total leavers in the period,Board,,2021,Q1,2021-03-31,,,,
HR,Total leavers in the period,Board,,2021,Q2,2021-06-30,,,,
HR,Total leavers in the period,Board,,2021,Q3,2021-09-30,,,,
HR,Total leavers in the period,Board,,2021,Q4,2021-12-31,,,,
HR,Total Staff,Board,,2020,Q1,2020-03-31,82,,,
HR,Total Staff,Board,,2020,Q2,2020-06-30,79,,,
HR,Total Staff,Board,,2020,Q3,2020-09-30,80,,,
HR,Total Staff,Board,,2020,Q4,2020-12-31,83,,,
HR,Total Staff,Board,,2021,Q1,2021-03-31,,,,
HR,Total Staff,Board,,2021,Q2,2021-06-30,,,,
HR,Total Staff,Board,,2021,Q3,2021-09-30,,,,
HR,Total Staff,Board,,2021,Q4,2021-12-31,,,,
Project management,‘% of actual results completed’,ET,IATI,2020,Q1,2020-03-31,,,,
Project management,‘% of actual results completed’,ET,IATI,2020,Q2,2020-06-30,,,,
Project management,‘% of actual results completed’,ET,IATI,2020,Q3,2020-09-30,,,,
Project management,‘% of actual results completed’,ET,IATI,2020,Q4,2020-12-31,,,,
Project management,‘% of actual results completed’,ET,IATI,2021,Q1,2021-03-31,,,,
Project management,‘% of actual results completed’,ET,IATI,2021,Q2,2021-06-30,,,,
Project management,‘% of actual results completed’,ET,IATI,2021,Q3,2021-09-30,,,,
Project management,‘% of actual results completed’,ET,IATI,2021,Q4,2021-12-31,,,,
Project management,# active projects DII,ET,Programme/project tracker,2020,Q1,2020-03-31,,,,
Project management,# active projects DII,ET,Programme/project tracker,2020,Q2,2020-06-30,,,,
Project management,# active projects DII,ET,Programme/project tracker,2020,Q3,2020-09-30,,,,
Project management,# active projects DII,ET,Programme/project tracker,2020,Q4,2020-12-31,,,,
Project management,# active projects DII,ET,Programme/project tracker,2021,Q1,2021-03-31,,,,
Project management,# active projects DII,ET,Programme/project tracker,2021,Q2,2021-06-30,,,,
Project management,# active projects DII,ET,Programme/project tracker,2021,Q3,2021-09-30,,,,
Project management,# active projects DII,ET,Programme/project tracker,2021,Q4,2021-12-31,,,,
Project management,# active projects DIPR,ET,Programme/project tracker,2020,Q1,2020-03-31,,,,
Project management,# active projects DIPR,ET,Programme/project tracker,2020,Q2,2020-06-30,,,,
Project management,# active projects DIPR,ET,Programme/project tracker,2020,Q3,2020-09-30,,,,
Project management,# active projects DIPR,ET,Programme/project tracker,2020,Q4,2020-12-31,,,,
Project management,# active projects DIPR,ET,Programme/project tracker,2021,Q1,2021-03-31,,,,
Project management,# active projects DIPR,ET,Programme/project tracker,2021,Q2,2021-06-30,,,,
Project management,# active projects DIPR,ET,Programme/project tracker,2021,Q3,2021-09-30,,,,
Project management,# active projects DIPR,ET,Programme/project tracker,2021,Q4,2021-12-31,,,,
Project management,% projects delayed,ET,Project dashboard,2020,Q1,2020-03-31,,,,
Project management,% projects delayed,ET,Project dashboard,2020,Q2,2020-06-30,,,,
Project management,% projects delayed,ET,Project dashboard,2020,Q3,2020-09-30,,,,
Project management,% projects delayed,ET,Project dashboard,2020,Q4,2020-12-31,,,,
Project management,% projects delayed,ET,Project dashboard,2021,Q1,2021-03-31,,,,
Project management,% projects delayed,ET,Project dashboard,2021,Q2,2021-06-30,,,,
Project management,% projects delayed,ET,Project dashboard,2021,Q3,2021-09-30,,,,
Project management,% projects delayed,ET,Project dashboard,2021,Q4,2021-12-31,,,,
Project management,% projects on track,Board,Project dashboard,2020,Q1,2020-03-31,,,,
Project management,% projects on track,Board,Project dashboard,2020,Q2,2020-06-30,,,,
Project management,% projects on track,Board,Project dashboard,2020,Q3,2020-09-30,,,,
Project management,% projects on track,Board,Project dashboard,2020,Q4,2020-12-31,29,,,
Project management,% projects on track,Board,Project dashboard,2021,Q1,2021-03-31,,,,
Project management,% projects on track,Board,Project dashboard,2021,Q2,2021-06-30,,,,
Project management,% projects on track,Board,Project dashboard,2021,Q3,2021-09-30,,,,
Project management,% projects on track,Board,Project dashboard,2021,Q4,2021-12-31,,,,
Project management,% projects overspending,Board,Project dashboard,2020,Q1,2020-03-31,,,,
Project management,% projects overspending,Board,Project dashboard,2020,Q2,2020-06-30,,,,
Project management,% projects overspending,Board,Project dashboard,2020,Q3,2020-09-30,,,,
Project management,% projects overspending,Board,Project dashboard,2020,Q4,2020-12-31,0,,,
Project management,% projects overspending,Board,Project dashboard,2021,Q1,2021-03-31,,,,
Project management,% projects overspending,Board,Project dashboard,2021,Q2,2021-06-30,,,,
Project management,% projects overspending,Board,Project dashboard,2021,Q3,2021-09-30,,,,
Project management,% projects overspending,Board,Project dashboard,2021,Q4,2021-12-31,,,,
Project management,% projects reporting to IATI,ET,IATI,2020,Q1,2020-03-31,,,,
Project management,% projects reporting to IATI,ET,IATI,2020,Q2,2020-06-30,,,,
Project management,% projects reporting to IATI,ET,IATI,2020,Q3,2020-09-30,,,,
Project management,% projects reporting to IATI,ET,IATI,2020,Q4,2020-12-31,,,,
Project management,% projects reporting to IATI,ET,IATI,2021,Q1,2021-03-31,,,,
Project management,% projects reporting to IATI,ET,IATI,2021,Q2,2021-06-30,,,,
Project management,% projects reporting to IATI,ET,IATI,2021,Q3,2021-09-30,,,,
Project management,% projects reporting to IATI,ET,IATI,2021,Q4,2021-12-31,,,,
Project management,% projects underspending,Board,Project dashboard,2020,Q1,2020-03-31,,,,
Project management,% projects underspending,Board,Project dashboard,2020,Q2,2020-06-30,,,,
Project management,% projects underspending,Board,Project dashboard,2020,Q3,2020-09-30,,,,
Project management,% projects underspending,Board,Project dashboard,2020,Q4,2020-12-31,71,,,
Project management,% projects underspending,Board,Project dashboard,2021,Q1,2021-03-31,,,,
Project management,% projects underspending,Board,Project dashboard,2021,Q2,2021-06-30,,,,
Project management,% projects underspending,Board,Project dashboard,2021,Q3,2021-09-30,,,,
Project management,% projects underspending,Board,Project dashboard,2021,Q4,2021-12-31,,,,
Project management,% projects with MEIL plan,Dept,"",2020,Q1,2020-03-31,,,,
Project management,% projects with MEIL plan,Dept,"",2020,Q2,2020-06-30,,,,
Project management,% projects with MEIL plan,Dept,"",2020,Q3,2020-09-30,,,,
Project management,% projects with MEIL plan,Dept,"",2020,Q4,2020-12-31,,,,
Project management,% projects with MEIL plan,Dept,"",2021,Q1,2021-03-31,,,,
Project management,% projects with MEIL plan,Dept,"",2021,Q2,2021-06-30,,,,
Project management,% projects with MEIL plan,Dept,"",2021,Q3,2021-09-30,,,,
Project management,% projects with MEIL plan,Dept,"",2021,Q4,2021-12-31,,,,
Project management,% projects with resource conflicts/constraints,ET,Project dashboard,2020,Q1,2020-03-31,,,,
Project management,% projects with resource conflicts/constraints,ET,Project dashboard,2020,Q2,2020-06-30,,,,
Project management,% projects with resource conflicts/constraints,ET,Project dashboard,2020,Q3,2020-09-30,,,,
Project management,% projects with resource conflicts/constraints,ET,Project dashboard,2020,Q4,2020-12-31,,,,
Project management,% projects with resource conflicts/constraints,ET,Project dashboard,2021,Q1,2021-03-31,,,,
Project management,% projects with resource conflicts/constraints,ET,Project dashboard,2021,Q2,2021-06-30,,,,
Project management,% projects with resource conflicts/constraints,ET,Project dashboard,2021,Q3,2021-09-30,,,,
Project management,% projects with resource conflicts/constraints,ET,Project dashboard,2021,Q4,2021-12-31,,,,
Project management,Actual resource utilisation rate for Comms dept,ET,Labour Ultilisation,2020,Q1,2020-03-31,,,,
Project management,Actual resource utilisation rate for Comms dept,ET,Labour Ultilisation,2020,Q2,2020-06-30,,,,
Project management,Actual resource utilisation rate for Comms dept,ET,Labour Ultilisation,2020,Q3,2020-09-30,,,,
Project management,Actual resource utilisation rate for Comms dept,ET,Labour Ultilisation,2020,Q4,2020-12-31,,,,
Project management,Actual resource utilisation rate for Comms dept,ET,Labour Ultilisation,2021,Q1,2021-03-31,,,,
Project management,Actual resource utilisation rate for Comms dept,ET,Labour Ultilisation,2021,Q2,2021-06-30,,,,
Project management,Actual resource utilisation rate for Comms dept,ET,Labour Ultilisation,2021,Q3,2021-09-30,,,,
Project management,Actual resource utilisation rate for Comms dept,ET,Labour Ultilisation,2021,Q4,2021-12-31,,,,
Project management,Actual resource utilisation rate for Data Systems dept,ET,Labour Ultilisation,2020,Q1,2020-03-31,,,,
Project management,Actual resource utilisation rate for Data Systems dept,ET,Labour Ultilisation,2020,Q2,2020-06-30,,,,
Project management,Actual resource utilisation rate for Data Systems dept,ET,Labour Ultilisation,2020,Q3,2020-09-30,,,,
Project management,Actual resource utilisation rate for Data Systems dept,ET,Labour Ultilisation,2020,Q4,2020-12-31,,,,
Project management,Actual resource utilisation rate for Data Systems dept,ET,Labour Ultilisation,2021,Q1,2021-03-31,,,,
Project management,Actual resource utilisation rate for Data Systems dept,ET,Labour Ultilisation,2021,Q2,2021-06-30,,,,
Project management,Actual resource utilisation rate for Data Systems dept,ET,Labour Ultilisation,2021,Q3,2021-09-30,,,,
Project management,Actual resource utilisation rate for Data Systems dept,ET,Labour Ultilisation,2021,Q4,2021-12-31,,,,
Project management,Actual resource utilisation rate for Dev team dept,ET,Labour Ultilisation,2020,Q1,2020-03-31,,,,
Project management,Actual resource utilisation rate for Dev team dept,ET,Labour Ultilisation,2020,Q2,2020-06-30,,,,
Project management,Actual resource utilisation rate for Dev team dept,ET,Labour Ultilisation,2020,Q3,2020-09-30,,,,
Project management,Actual resource utilisation rate for Dev team dept,ET,Labour Ultilisation,2020,Q4,2020-12-31,,,,
Project management,Actual resource utilisation rate for Dev team dept,ET,Labour Ultilisation,2021,Q1,2021-03-31,,,,
Project management,Actual resource utilisation rate for Dev team dept,ET,Labour Ultilisation,2021,Q2,2021-06-30,,,,
Project management,Actual resource utilisation rate for Dev team dept,ET,Labour Ultilisation,2021,Q3,2021-09-30,,,,
Project management,Actual resource utilisation rate for Dev team dept,ET,Labour Ultilisation,2021,Q4,2021-12-31,,,,
Project management,Actual resource utilisation rate for Engagement dept,ET,Labour Ultilisation,2020,Q1,2020-03-31,,,,
Project management,Actual resource utilisation rate for Engagement dept,ET,Labour Ultilisation,2020,Q2,2020-06-30,,,,
Project management,Actual resource utilisation rate for Engagement dept,ET,Labour Ultilisation,2020,Q3,2020-09-30,,,,
Project management,Actual resource utilisation rate for Engagement dept,ET,Labour Ultilisation,2020,Q4,2020-12-31,,,,
Project management,Actual resource utilisation rate for Engagement dept,ET,Labour Ultilisation,2021,Q1,2021-03-31,,,,
Project management,Actual resource utilisation rate for Engagement dept,ET,Labour Ultilisation,2021,Q2,2021-06-30,,,,
Project management,Actual resource utilisation rate for Engagement dept,ET,Labour Ultilisation,2021,Q3,2021-09-30,,,,
Project management,Actual resource utilisation rate for Engagement dept,ET,Labour Ultilisation,2021,Q4,2021-12-31,,,,
Project management,Actual resource utilisation rate for PM dept,ET,Labour Ultilisation,2020,Q1,2020-03-31,,,,
Project management,Actual resource utilisation rate for PM dept,ET,Labour Ultilisation,2020,Q2,2020-06-30,,,,
Project management,Actual resource utilisation rate for PM dept,ET,Labour Ultilisation,2020,Q3,2020-09-30,,,,
Project management,Actual resource utilisation rate for PM dept,ET,Labour Ultilisation,2020,Q4,2020-12-31,,,,
Project management,Actual resource utilisation rate for PM dept,ET,Labour Ultilisation,2021,Q1,2021-03-31,,,,
Project management,Actual resource utilisation rate for PM dept,ET,Labour Ultilisation,2021,Q2,2021-06-30,,,,
Project management,Actual resource utilisation rate for PM dept,ET,Labour Ultilisation,2021,Q3,2021-09-30,,,,
Project management,Actual resource utilisation rate for PM dept,ET,Labour Ultilisation,2021,Q4,2021-12-31,,,,
Project management,Actual resource utilisation rate for R&A dept,ET,Labour Ultilisation,2020,Q1,2020-03-31,,,,
Project management,Actual resource utilisation rate for R&A dept,ET,Labour Ultilisation,2020,Q2,2020-06-30,,,,
Project management,Actual resource utilisation rate for R&A dept,ET,Labour Ultilisation,2020,Q3,2020-09-30,,,,
Project management,Actual resource utilisation rate for R&A dept,ET,Labour Ultilisation,2020,Q4,2020-12-31,,,,
Project management,Actual resource utilisation rate for R&A dept,ET,Labour Ultilisation,2021,Q1,2021-03-31,,,,
Project management,Actual resource utilisation rate for R&A dept,ET,Labour Ultilisation,2021,Q2,2021-06-30,,,,
Project management,Actual resource utilisation rate for R&A dept,ET,Labour Ultilisation,2021,Q3,2021-09-30,,,,
Project management,Actual resource utilisation rate for R&A dept,ET,Labour Ultilisation,2021,Q4,2021-12-31,,,,
Project management,Average # of projects staff working on,Dept,Float,2020,Q1,2020-03-31,,,,
Project management,Average # of projects staff working on,Dept,Float,2020,Q2,2020-06-30,,,,
Project management,Average # of projects staff working on,Dept,Float,2020,Q3,2020-09-30,,,,
Project management,Average # of projects staff working on,Dept,Float,2020,Q4,2020-12-31,,,,
Project management,Average # of projects staff working on,Dept,Float,2021,Q1,2021-03-31,,,,
Project management,Average # of projects staff working on,Dept,Float,2021,Q2,2021-06-30,,,,
Project management,Average # of projects staff working on,Dept,Float,2021,Q3,2021-09-30,,,,
Project management,Average # of projects staff working on,Dept,Float,2021,Q4,2021-12-31,,,,
Project management,Number of projects with Amber status,Board,Project status reports,2020,Q1,2020-03-31,,,,
Project management,Number of projects with Amber status,Board,Project status reports,2020,Q2,2020-06-30,,,,
Project management,Number of projects with Amber status,Board,Project status reports,2020,Q3,2020-09-30,,,,
Project management,Number of projects with Amber status,Board,Project status reports,2020,Q4,2020-12-31,4,,,
Project management,Number of projects with Amber status,Board,Project status reports,2021,Q1,2021-03-31,,,,
Project management,Number of projects with Amber status,Board,Project status reports,2021,Q2,2021-06-30,,,,
Project management,Number of projects with Amber status,Board,Project status reports,2021,Q3,2021-09-30,,,,
Project management,Number of projects with Amber status,Board,Project status reports,2021,Q4,2021-12-31,,,,
Project management,Number of projects with Green status,Board,Project status reports,2020,Q1,2020-03-31,,,,
Project management,Number of projects with Green status,Board,Project status reports,2020,Q2,2020-06-30,,,,
Project management,Number of projects with Green status,Board,Project status reports,2020,Q3,2020-09-30,,,,
Project management,Number of projects with Green status,Board,Project status reports,2020,Q4,2020-12-31,3,,,
Project management,Number of projects with Green status,Board,Project status reports,2021,Q1,2021-03-31,,,,
Project management,Number of projects with Green status,Board,Project status reports,2021,Q2,2021-06-30,,,,
Project management,Number of projects with Green status,Board,Project status reports,2021,Q3,2021-09-30,,,,
Project management,Number of projects with Green status,Board,Project status reports,2021,Q4,2021-12-31,,,,
Project management,Number of projects with Red status,Board,Project status reports,2020,Q1,2020-03-31,,,,
Project management,Number of projects with Red status,Board,Project status reports,2020,Q2,2020-06-30,,,,
Project management,Number of projects with Red status,Board,Project status reports,2020,Q3,2020-09-30,,,,
Project management,Number of projects with Red status,Board,Project status reports,2020,Q4,2020-12-31,0,,,
Project management,Number of projects with Red status,Board,Project status reports,2021,Q1,2021-03-31,,,,
Project management,Number of projects with Red status,Board,Project status reports,2021,Q2,2021-06-30,,,,
Project management,Number of projects with Red status,Board,Project status reports,2021,Q3,2021-09-30,,,,
Project management,Number of projects with Red status,Board,Project status reports,2021,Q4,2021-12-31,,,,
Project management,Planned Resource utilisation rate for  R&A dept,ET,Float,2020,Q1,2020-03-31,,,,
Project management,Planned Resource utilisation rate for  R&A dept,ET,Float,2020,Q2,2020-06-30,,,,
Project management,Planned Resource utilisation rate for  R&A dept,ET,Float,2020,Q3,2020-09-30,,,,
Project management,Planned Resource utilisation rate for  R&A dept,ET,Float,2020,Q4,2020-12-31,,,,
Project management,Planned Resource utilisation rate for  R&A dept,ET,Float,2021,Q1,2021-03-31,,,,
Project management,Planned Resource utilisation rate for  R&A dept,ET,Float,2021,Q2,2021-06-30,,,,
Project management,Planned Resource utilisation rate for  R&A dept,ET,Float,2021,Q3,2021-09-30,,,,
Project management,Planned Resource utilisation rate for  R&A dept,ET,Float,2021,Q4,2021-12-31,,,,
Project management,Planned Resource utilisation rate for Comms dept,ET,Float,2020,Q1,2020-03-31,,,,
Project management,Planned Resource utilisation rate for Comms dept,ET,Float,2020,Q2,2020-06-30,,,,
Project management,Planned Resource utilisation rate for Comms dept,ET,Float,2020,Q3,2020-09-30,,,,
Project management,Planned Resource utilisation rate for Comms dept,ET,Float,2020,Q4,2020-12-31,,,,
Project management,Planned Resource utilisation rate for Comms dept,ET,Float,2021,Q1,2021-03-31,,,,
Project management,Planned Resource utilisation rate for Comms dept,ET,Float,2021,Q2,2021-06-30,,,,
Project management,Planned Resource utilisation rate for Comms dept,ET,Float,2021,Q3,2021-09-30,,,,
Project management,Planned Resource utilisation rate for Comms dept,ET,Float,2021,Q4,2021-12-31,,,,
Project management,Planned Resource utilisation rate for Data systems dept,ET,Float,2020,Q1,2020-03-31,,,,
Project management,Planned Resource utilisation rate for Data systems dept,ET,Float,2020,Q2,2020-06-30,,,,
Project management,Planned Resource utilisation rate for Data systems dept,ET,Float,2020,Q3,2020-09-30,,,,
Project management,Planned Resource utilisation rate for Data systems dept,ET,Float,2020,Q4,2020-12-31,,,,
Project management,Planned Resource utilisation rate for Data systems dept,ET,Float,2021,Q1,2021-03-31,,,,
Project management,Planned Resource utilisation rate for Data systems dept,ET,Float,2021,Q2,2021-06-30,,,,
Project management,Planned Resource utilisation rate for Data systems dept,ET,Float,2021,Q3,2021-09-30,,,,
Project management,Planned Resource utilisation rate for Data systems dept,ET,Float,2021,Q4,2021-12-31,,,,
Project management,Planned Resource utilisation rate for Dev team dept,ET,Float,2020,Q1,2020-03-31,,,,
Project management,Planned Resource utilisation rate for Dev team dept,ET,Float,2020,Q2,2020-06-30,,,,
Project management,Planned Resource utilisation rate for Dev team dept,ET,Float,2020,Q3,2020-09-30,,,,
Project management,Planned Resource utilisation rate for Dev team dept,ET,Float,2020,Q4,2020-12-31,,,,
Project management,Planned Resource utilisation rate for Dev team dept,ET,Float,2021,Q1,2021-03-31,,,,
Project management,Planned Resource utilisation rate for Dev team dept,ET,Float,2021,Q2,2021-06-30,,,,
Project management,Planned Resource utilisation rate for Dev team dept,ET,Float,2021,Q3,2021-09-30,,,,
Project management,Planned Resource utilisation rate for Dev team dept,ET,Float,2021,Q4,2021-12-31,,,,
Project management,Planned Resource utilisation rate for Engagement dept,ET,Float,2020,Q1,2020-03-31,,,,
Project management,Planned Resource utilisation rate for Engagement dept,ET,Float,2020,Q2,2020-06-30,,,,
Project management,Planned Resource utilisation rate for Engagement dept,ET,Float,2020,Q3,2020-09-30,,,,
Project management,Planned Resource utilisation rate for Engagement dept,ET,Float,2020,Q4,2020-12-31,,,,
Project management,Planned Resource utilisation rate for Engagement dept,ET,Float,2021,Q1,2021-03-31,,,,
Project management,Planned Resource utilisation rate for Engagement dept,ET,Float,2021,Q2,2021-06-30,,,,
Project management,Planned Resource utilisation rate for Engagement dept,ET,Float,2021,Q3,2021-09-30,,,,
Project management,Planned Resource utilisation rate for Engagement dept,ET,Float,2021,Q4,2021-12-31,,,,
Project management,Planned resource utilisation rate for PM dept,ET,Float,2020,Q1,2020-03-31,,,,
Project management,Planned resource utilisation rate for PM dept,ET,Float,2020,Q2,2020-06-30,,,,
Project management,Planned resource utilisation rate for PM dept,ET,Float,2020,Q3,2020-09-30,,,,
Project management,Planned resource utilisation rate for PM dept,ET,Float,2020,Q4,2020-12-31,,,,
Project management,Planned resource utilisation rate for PM dept,ET,Float,2021,Q1,2021-03-31,,,,
Project management,Planned resource utilisation rate for PM dept,ET,Float,2021,Q2,2021-06-30,,,,
Project management,Planned resource utilisation rate for PM dept,ET,Float,2021,Q3,2021-09-30,,,,
Project management,Planned resource utilisation rate for PM dept,ET,Float,2021,Q4,2021-12-31,,,,
Project management,Profit for quarter (DII),Board,DII budget templates (with Will for creation),2020,Q1,2020-03-31,,,,
Project management,Profit for quarter (DII),Board,DII budget templates (with Will for creation),2020,Q2,2020-06-30,,,,
Project management,Profit for quarter (DII),Board,DII budget templates (with Will for creation),2020,Q3,2020-09-30,,,,
Project management,Profit for quarter (DII),Board,DII budget templates (with Will for creation),2020,Q4,2020-12-31,,,,
Project management,Profit for quarter (DII),Board,DII budget templates (with Will for creation),2021,Q1,2021-03-31,,,,
Project management,Profit for quarter (DII),Board,DII budget templates (with Will for creation),2021,Q2,2021-06-30,,,,
Project management,Profit for quarter (DII),Board,DII budget templates (with Will for creation),2021,Q3,2021-09-30,,,,
Project management,Profit for quarter (DII),Board,DII budget templates (with Will for creation),2021,Q4,2021-12-31,,,,
Project management,Ranking on IATI dashboard (suggest move from top 10% to top 5%),Board,IATI dashboard,2020,Q1,2020-03-31,,,,
Project management,Ranking on IATI dashboard (suggest move from top 10% to top 5%),Board,IATI dashboard,2020,Q2,2020-06-30,,,,
Project management,Ranking on IATI dashboard (suggest move from top 10% to top 5%),Board,IATI dashboard,2020,Q3,2020-09-30,,,,
Project management,Ranking on IATI dashboard (suggest move from top 10% to top 5%),Board,IATI dashboard,2020,Q4,2020-12-31,1,,,
Project management,Ranking on IATI dashboard (suggest move from top 10% to top 5%),Board,IATI dashboard,2021,Q1,2021-03-31,,,,
Project management,Ranking on IATI dashboard (suggest move from top 10% to top 5%),Board,IATI dashboard,2021,Q2,2021-06-30,,,,
Project management,Ranking on IATI dashboard (suggest move from top 10% to top 5%),Board,IATI dashboard,2021,Q3,2021-09-30,,,,
Project management,Ranking on IATI dashboard (suggest move from top 10% to top 5%),Board,IATI dashboard,2021,Q4,2021-12-31,,,,
Comms and engagement,Average SEO ranking,,,2020,Q1,2020-03-31,,,,
Comms and engagement,Average SEO ranking,,,2020,Q2,2020-06-30,,,,
Comms and engagement,Average SEO ranking,,,2020,Q3,2020-09-30,,,,
Comms and engagement,Average SEO ranking,,,2020,Q4,2020-12-31,,,,
Comms and engagement,Average SEO ranking,,,2021,Q1,2021-03-31,,,,
Comms and engagement,Average SEO ranking,,,2021,Q2,2021-06-30,,,,
Comms and engagement,Average SEO ranking,,,2021,Q3,2021-09-30,,,,
Comms and engagement,Average SEO ranking,,,2021,Q4,2021-12-31,,,,
Comms and engagement,Bounce rate on the website (mean),,,2020,Q1,2020-03-31,,,,
Comms and engagement,Bounce rate on the website (mean),,,2020,Q2,2020-06-30,,,,
Comms and engagement,Bounce rate on the website (mean),,,2020,Q3,2020-09-30,,,,
Comms and engagement,Bounce rate on the website (mean),,,2020,Q4,2020-12-31,,,,
Comms and engagement,Bounce rate on the website (mean),,,2021,Q1,2021-03-31,,,,
Comms and engagement,Bounce rate on the website (mean),,,2021,Q2,2021-06-30,,,,
Comms and engagement,Bounce rate on the website (mean),,,2021,Q3,2021-09-30,,,,
Comms and engagement,Bounce rate on the website (mean),,,2021,Q4,2021-12-31,,,,
Comms and engagement,Citations (total),,,2020,Q1,2020-03-31,,,,
Comms and engagement,Citations (total),,,2020,Q2,2020-06-30,,,,
Comms and engagement,Citations (total),,,2020,Q3,2020-09-30,,,,
Comms and engagement,Citations (total),,,2020,Q4,2020-12-31,,,,
Comms and engagement,Citations (total),,,2021,Q1,2021-03-31,,,,
Comms and engagement,Citations (total),,,2021,Q2,2021-06-30,,,,
Comms and engagement,Citations (total),,,2021,Q3,2021-09-30,,,,
Comms and engagement,Citations (total),,,2021,Q4,2021-12-31,,,,
Comms and engagement,Dwell time on the website (mean),,,2020,Q1,2020-03-31,,,,
Comms and engagement,Dwell time on the website (mean),,,2020,Q2,2020-06-30,,,,
Comms and engagement,Dwell time on the website (mean),,,2020,Q3,2020-09-30,,,,
Comms and engagement,Dwell time on the website (mean),,,2020,Q4,2020-12-31,,,,
Comms and engagement,Dwell time on the website (mean),,,2021,Q1,2021-03-31,,,,
Comms and engagement,Dwell time on the website (mean),,,2021,Q2,2021-06-30,,,,
Comms and engagement,Dwell time on the website (mean),,,2021,Q3,2021-09-30,,,,
Comms and engagement,Dwell time on the website (mean),,,2021,Q4,2021-12-31,,,,
Comms and engagement,Following increase across platforms,,,2020,Q1,2020-03-31,,,,
Comms and engagement,Following increase across platforms,,,2020,Q2,2020-06-30,,,,
Comms and engagement,Following increase across platforms,,,2020,Q3,2020-09-30,,,,
Comms and engagement,Following increase across platforms,,,2020,Q4,2020-12-31,,,,
Comms and engagement,Following increase across platforms,,,2021,Q1,2021-03-31,,,,
Comms and engagement,Following increase across platforms,,,2021,Q2,2021-06-30,,,,
Comms and engagement,Following increase across platforms,,,2021,Q3,2021-09-30,,,,
Comms and engagement,Following increase across platforms,,,2021,Q4,2021-12-31,,,,
Comms and engagement,Linkedin engagement rate,,,2020,Q1,2020-03-31,,,,
Comms and engagement,Linkedin engagement rate,,,2020,Q2,2020-06-30,,,,
Comms and engagement,Linkedin engagement rate,,,2020,Q3,2020-09-30,,,,
Comms and engagement,Linkedin engagement rate,,,2020,Q4,2020-12-31,,,,
Comms and engagement,Linkedin engagement rate,,,2021,Q1,2021-03-31,,,,
Comms and engagement,Linkedin engagement rate,,,2021,Q2,2021-06-30,,,,
Comms and engagement,Linkedin engagement rate,,,2021,Q3,2021-09-30,,,,
Comms and engagement,Linkedin engagement rate,,,2021,Q4,2021-12-31,,,,
Comms and engagement,Proportion of new followers from target stakeholder groups,,,2020,Q1,2020-03-31,,,,
Comms and engagement,Proportion of new followers from target stakeholder groups,,,2020,Q2,2020-06-30,,,,
Comms and engagement,Proportion of new followers from target stakeholder groups,,,2020,Q3,2020-09-30,,,,
Comms and engagement,Proportion of new followers from target stakeholder groups,,,2020,Q4,2020-12-31,,,,
Comms and engagement,Proportion of new followers from target stakeholder groups,,,2021,Q1,2021-03-31,,,,
Comms and engagement,Proportion of new followers from target stakeholder groups,,,2021,Q2,2021-06-30,,,,
Comms and engagement,Proportion of new followers from target stakeholder groups,,,2021,Q3,2021-09-30,,,,
Comms and engagement,Proportion of new followers from target stakeholder groups,,,2021,Q4,2021-12-31,,,,
Comms and engagement,Top 3 most successful resources (based on an algorithm to calculate),,,2020,Q1,2020-03-31,,,,
Comms and engagement,Top 3 most successful resources (based on an algorithm to calculate),,,2020,Q2,2020-06-30,,,,
Comms and engagement,Top 3 most successful resources (based on an algorithm to calculate),,,2020,Q3,2020-09-30,,,,
Comms and engagement,Top 3 most successful resources (based on an algorithm to calculate),,,2020,Q4,2020-12-31,,,,
Comms and engagement,Top 3 most successful resources (based on an algorithm to calculate),,,2021,Q1,2021-03-31,,,,
Comms and engagement,Top 3 most successful resources (based on an algorithm to calculate),,,2021,Q2,2021-06-30,,,,
Comms and engagement,Top 3 most successful resources (based on an algorithm to calculate),,,2021,Q3,2021-09-30,,,,
Comms and engagement,Top 3 most successful resources (based on an algorithm to calculate),,,2021,Q4,2021-12-31,,,,
Comms and engagement,Twitter engagement rate,,,2020,Q1,2020-03-31,,,,
Comms and engagement,Twitter engagement rate,,,2020,Q2,2020-06-30,,,,
Comms and engagement,Twitter engagement rate,,,2020,Q3,2020-09-30,,,,
Comms and engagement,Twitter engagement rate,,,2020,Q4,2020-12-31,,,,
Comms and engagement,Twitter engagement rate,,,2021,Q1,2021-03-31,,,,
Comms and engagement,Twitter engagement rate,,,2021,Q2,2021-06-30,,,,
Comms and engagement,Twitter engagement rate,,,2021,Q3,2021-09-30,,,,
Comms and engagement,Twitter engagement rate,,,2021,Q4,2021-12-31,,,,
